{"train_loss": [0.8285826413254989, 0.8167050731809515, 0.8165519802193892, 0.8071750120112771, 0.7951493451469823, 0.8022711590716713, 0.7941347046902305, 0.7973227312690333, 0.8070882464710035, 0.7921749196554485], "val_loss": [0.8277317348279452, 0.8094132824947959, 0.7977573589274758, 0.8150716110279685, 0.8033413290977478, 0.7974633637227511, 0.812652399665431, 0.8022357946948001, 0.8060279614047, 0.8112015128135681], "val_accuracy": [5.673790423943721, 6.187582221347437, 6.1704808119347545, 5.665415081720269, 6.422097811740572, 6.394913247316046, 5.502001280213717, 5.817374371068276, 6.270215877149471, 5.896328043289344]}